{
    "monto_original": 0.027373705400171134,
    "monto_actual": 0.02276909762643566,
    "ratio_deuda": 0.037386591529991985,
    "dias_desde_vencimiento": 0.9124706054434012
}